{"cameraMode":{"drawMode":0,"name":"Shaded","section":"Shading Mode"},"sceneLighting":false,"audioPlay":false,"sceneViewState":{"m_AlwaysRefresh":false,"showFog":true,"showSkybox":false,"showFlares":true,"showImageEffects":true,"showParticleSystems":true,"showVisualEffectGraphs":true,"m_FxEnabled":true},"in2DMode":false,"pivot":{"x":-0.055298399180173877,"y":1.3391082286834717,"z":0.5548420548439026},"rotation":{"x":0.1304367482662201,"y":-0.005334104411303997,"z":0.0006614548619836569,"w":0.9914547801017761},"size":1.9683144092559815,"orthographic":false}