{"cameraMode":{"drawMode":0,"name":"Shaded","section":"Shading Mode"},"sceneLighting":false,"audioPlay":false,"sceneViewState":{"m_AlwaysRefresh":false,"showFog":true,"showSkybox":true,"showFlares":true,"showImageEffects":true,"showParticleSystems":true,"showVisualEffectGraphs":true,"m_FxEnabled":true},"in2DMode":false,"pivot":{"x":1345.553955078125,"y":378.00909423828127,"z":149.10113525390626},"rotation":{"x":0.12179146707057953,"y":0.10770516097545624,"z":-0.017972562462091447,"w":0.9866586923599243},"size":951.1483764648438,"orthographic":false}