{"cameraMode":{"drawMode":0,"name":"Shaded","section":"Shading Mode"},"sceneLighting":false,"audioPlay":false,"sceneViewState":{"m_AlwaysRefresh":false,"showFog":true,"showSkybox":true,"showFlares":true,"showImageEffects":true,"showParticleSystems":true,"showVisualEffectGraphs":true,"m_FxEnabled":true},"in2DMode":false,"pivot":{"x":-0.3041764497756958,"y":8.46523666381836,"z":0.003940999042242765},"rotation":{"x":0.13492035865783692,"y":0.765667736530304,"z":-0.17066749930381776,"w":0.6053392291069031},"size":1.5117137432098389,"orthographic":false}