{"cameraMode":{"drawMode":0,"name":"Shaded","section":"Shading Mode"},"sceneLighting":false,"audioPlay":false,"sceneViewState":{"m_AlwaysRefresh":false,"showFog":true,"showSkybox":true,"showFlares":true,"showImageEffects":true,"showParticleSystems":true,"showVisualEffectGraphs":true,"m_FxEnabled":true},"in2DMode":false,"pivot":{"x":-11.875686645507813,"y":1.8882722854614258,"z":3.875394105911255},"rotation":{"x":0.045556824654340747,"y":0.8922383189201355,"z":-0.10305926948785782,"w":0.43749478459358218},"size":1.0630145072937012,"orthographic":false}