{"cameraMode":{"drawMode":0,"name":"Shaded","section":"Shading Mode"},"sceneLighting":false,"audioPlay":false,"sceneViewState":{"m_AlwaysRefresh":false,"showFog":true,"showSkybox":true,"showFlares":true,"showImageEffects":true,"showParticleSystems":true,"showVisualEffectGraphs":true,"m_FxEnabled":true},"in2DMode":false,"pivot":{"x":-46.82757568359375,"y":18.484474182128908,"z":17.610225677490236},"rotation":{"x":0.09681334346532822,"y":0.7645618915557861,"z":-0.12579303979873658,"w":0.6249135732650757},"size":0.23390573263168336,"orthographic":false}