{"cameraMode":{"drawMode":0,"name":"Shaded","section":"Shading Mode"},"sceneLighting":false,"audioPlay":false,"sceneViewState":{"m_AlwaysRefresh":false,"showFog":true,"showSkybox":true,"showFlares":true,"showImageEffects":true,"showParticleSystems":true,"showVisualEffectGraphs":true,"m_FxEnabled":true},"in2DMode":false,"pivot":{"x":-9.975833892822266,"y":0.5081920027732849,"z":-21.538915634155275},"rotation":{"x":-0.008975205011665821,"y":-0.9291219115257263,"z":0.3692949712276459,"w":-0.02267562784254551},"size":1.8137167692184449,"orthographic":false}