{"cameraMode":{"drawMode":0,"name":"Shaded","section":"Shading Mode"},"sceneLighting":false,"audioPlay":false,"sceneViewState":{"m_AlwaysRefresh":false,"showFog":true,"showSkybox":false,"showFlares":true,"showImageEffects":true,"showParticleSystems":true,"showVisualEffectGraphs":true,"m_FxEnabled":true},"in2DMode":false,"pivot":{"x":-1.4166059494018555,"y":-0.3314700722694397,"z":2.171755313873291},"rotation":{"x":-0.18776142597198487,"y":0.15974275767803193,"z":-0.027081646025180818,"w":-0.9687707424163818},"size":2.2761125564575197,"orthographic":false}