{"cameraMode":{"drawMode":0,"name":"Shaded","section":"Shading Mode"},"sceneLighting":false,"audioPlay":false,"sceneViewState":{"m_AlwaysRefresh":false,"showFog":true,"showSkybox":false,"showFlares":true,"showImageEffects":true,"showParticleSystems":true,"showVisualEffectGraphs":true,"m_FxEnabled":true},"in2DMode":false,"pivot":{"x":1.7435775995254517,"y":6.767762660980225,"z":5.9534430503845219},"rotation":{"x":-0.03668276220560074,"y":0.9433448314666748,"z":-0.31083396077156069,"w":-0.11068809777498245},"size":1.6061674356460572,"orthographic":false}