{"cameraMode":{"drawMode":0,"name":"Shaded","section":"Shading Mode"},"sceneLighting":false,"audioPlay":false,"sceneViewState":{"m_AlwaysRefresh":false,"showFog":true,"showSkybox":false,"showFlares":true,"showImageEffects":true,"showParticleSystems":true,"showVisualEffectGraphs":true,"m_FxEnabled":true},"in2DMode":false,"pivot":{"x":-5.650352954864502,"y":10.935772895812989,"z":-17.52008628845215},"rotation":{"x":0.12706658244132996,"y":0.07789953052997589,"z":-0.010050966404378415,"w":0.9887921214103699},"size":3.0241239070892336,"orthographic":false}