{"cameraMode":{"drawMode":0,"name":"Shaded","section":"Shading Mode"},"sceneLighting":false,"audioPlay":false,"sceneViewState":{"m_AlwaysRefresh":false,"showFog":true,"showSkybox":false,"showFlares":true,"showImageEffects":true,"showParticleSystems":true,"showVisualEffectGraphs":true,"m_FxEnabled":true},"in2DMode":false,"pivot":{"x":0.46875786781311037,"y":5.588895797729492,"z":2.9693210124969484},"rotation":{"x":-0.007243171334266663,"y":0.8201143741607666,"z":-0.571974515914917,"w":-0.010368951596319676},"size":1.7481763362884522,"orthographic":false}