{"cameraMode":{"drawMode":0,"name":"Shaded","section":"Shading Mode"},"sceneLighting":false,"audioPlay":false,"sceneViewState":{"m_AlwaysRefresh":false,"showFog":true,"showSkybox":false,"showFlares":true,"showImageEffects":true,"showParticleSystems":true,"showVisualEffectGraphs":true,"m_FxEnabled":true},"in2DMode":false,"pivot":{"x":1.7801202535629273,"y":0.8387395739555359,"z":1.3265695571899415},"rotation":{"x":-0.09787405282258988,"y":-0.3310849964618683,"z":0.03855997696518898,"w":-0.9377316832542419},"size":1.4982045888900757,"orthographic":false}