{"cameraMode":{"drawMode":0,"name":"Shaded","section":"Shading Mode"},"sceneLighting":false,"audioPlay":false,"sceneViewState":{"m_AlwaysRefresh":false,"showFog":true,"showSkybox":false,"showFlares":true,"showImageEffects":true,"showParticleSystems":true,"showVisualEffectGraphs":true,"m_FxEnabled":true},"in2DMode":false,"pivot":{"x":-0.42708519101142886,"y":-0.1685459464788437,"z":-2.73417592048645},"rotation":{"x":-0.006082955282181501,"y":0.9153614044189453,"z":-0.40254294872283938,"w":-0.014070393517613411},"size":3.492363452911377,"orthographic":false}