{"cameraMode":{"drawMode":0,"name":"Shaded","section":"Shading Mode"},"sceneLighting":false,"audioPlay":false,"sceneViewState":{"m_AlwaysRefresh":false,"showFog":true,"showSkybox":false,"showFlares":true,"showImageEffects":true,"showParticleSystems":true,"showVisualEffectGraphs":true,"m_FxEnabled":true},"in2DMode":false,"pivot":{"x":0.5104671120643616,"y":4.5309224128723148,"z":0.7402732968330383},"rotation":{"x":-0.39693838357925417,"y":0.3402564227581024,"z":-0.1613560914993286,"w":-0.8370403051376343},"size":1.8138357400894166,"orthographic":false}