{"cameraMode":{"drawMode":0,"name":"Shaded","section":"Shading Mode"},"sceneLighting":false,"audioPlay":false,"sceneViewState":{"m_AlwaysRefresh":false,"showFog":true,"showSkybox":false,"showFlares":true,"showImageEffects":true,"showParticleSystems":true,"showVisualEffectGraphs":true,"m_FxEnabled":true},"in2DMode":false,"pivot":{"x":-0.04048791900277138,"y":1.1802804470062256,"z":5.845459461212158},"rotation":{"x":0.11405961215496063,"y":-0.007139000575989485,"z":0.0008328707190230489,"w":0.9934566617012024},"size":1.8138357400894166,"orthographic":false}