{"cameraMode":{"drawMode":0,"name":"Shaded","section":"Shading Mode"},"sceneLighting":false,"audioPlay":false,"sceneViewState":{"m_AlwaysRefresh":false,"showFog":true,"showSkybox":false,"showFlares":true,"showImageEffects":true,"showParticleSystems":true,"showVisualEffectGraphs":true,"m_FxEnabled":true},"in2DMode":false,"pivot":{"x":0.34184613823890688,"y":1.6329833269119263,"z":0.18161916732788087},"rotation":{"x":0.014713739044964314,"y":-0.9808273315429688,"z":0.1772702932357788,"w":0.08034757524728775},"size":0.9812084436416626,"orthographic":false}