{"cameraMode":{"drawMode":0,"name":"Shaded","section":"Shading Mode"},"sceneLighting":true,"audioPlay":false,"sceneViewState":{"m_AlwaysRefresh":false,"showFog":true,"showSkybox":false,"showFlares":true,"showImageEffects":true,"showParticleSystems":true,"showVisualEffectGraphs":true,"m_FxEnabled":true},"in2DMode":false,"pivot":{"x":-1.037908911705017,"y":8.016106605529786,"z":-0.8563815355300903},"rotation":{"x":0.48056045174598696,"y":-0.014130284078419209,"z":0.007539112586528063,"w":0.8768987059593201},"size":1.8138357400894166,"orthographic":false}