{"cameraMode":{"drawMode":0,"name":"Shaded","section":"Shading Mode"},"sceneLighting":false,"audioPlay":false,"sceneViewState":{"m_AlwaysRefresh":false,"showFog":true,"showSkybox":false,"showFlares":true,"showImageEffects":true,"showParticleSystems":true,"showVisualEffectGraphs":true,"m_FxEnabled":true},"in2DMode":false,"pivot":{"x":-0.006742030847817659,"y":4.0742573738098148,"z":0.6581946015357971},"rotation":{"x":0.5433484315872192,"y":0.010889065451920033,"z":-0.0070024472661316399,"w":0.8393606543540955},"size":1.8137166500091553,"orthographic":false}