{"cameraMode":{"drawMode":0,"name":"Shaded","section":"Shading Mode"},"sceneLighting":false,"audioPlay":false,"sceneViewState":{"m_AlwaysRefresh":false,"showFog":true,"showSkybox":false,"showFlares":true,"showImageEffects":true,"showParticleSystems":true,"showVisualEffectGraphs":true,"m_FxEnabled":true},"in2DMode":false,"pivot":{"x":2.5546281337738039,"y":3.822427749633789,"z":3.278569221496582},"rotation":{"x":0.0004208194150123745,"y":-0.9260522127151489,"z":0.37774941325187685,"w":0.0018198908073827625},"size":1.8138357400894166,"orthographic":false}