{"cameraMode":{"drawMode":0,"name":"Shaded","section":"Shading Mode"},"sceneLighting":false,"audioPlay":false,"sceneViewState":{"m_AlwaysRefresh":false,"showFog":true,"showSkybox":false,"showFlares":true,"showImageEffects":true,"showParticleSystems":true,"showVisualEffectGraphs":true,"m_FxEnabled":true},"in2DMode":false,"pivot":{"x":-0.37809276580810549,"y":10.443293571472168,"z":-2.8333468437194826},"rotation":{"x":0.5256425142288208,"y":-0.003249524161219597,"z":0.0020996793173253538,"w":0.850647509098053},"size":0.14175623655319215,"orthographic":false}