{"cameraMode":{"drawMode":0,"name":"Shaded","section":"Shading Mode"},"sceneLighting":false,"audioPlay":false,"sceneViewState":{"m_AlwaysRefresh":false,"showFog":true,"showSkybox":false,"showFlares":true,"showImageEffects":true,"showParticleSystems":true,"showVisualEffectGraphs":true,"m_FxEnabled":true},"in2DMode":false,"pivot":{"x":-0.5714287161827087,"y":2.117811918258667,"z":3.4948196411132814},"rotation":{"x":0.22443164885044099,"y":0.6669564247131348,"z":-0.22174562513828278,"w":0.6749346256256104},"size":1.2749212980270386,"orthographic":false}