{"cameraMode":{"drawMode":0,"name":"Shaded","section":"Shading Mode"},"sceneLighting":false,"audioPlay":false,"sceneViewState":{"m_AlwaysRefresh":false,"showFog":true,"showSkybox":false,"showFlares":true,"showImageEffects":true,"showParticleSystems":true,"showVisualEffectGraphs":true,"m_FxEnabled":true},"in2DMode":false,"pivot":{"x":1.9617557525634766,"y":-0.5676073431968689,"z":-0.0984896570444107},"rotation":{"x":0.017805570736527444,"y":-0.965876042842865,"z":0.24900949001312257,"w":0.06910409033298493},"size":0.8660253882408142,"orthographic":false}